phase,velocity_m_per_s
0.0,-0.07788869600284776
0.001,0.043207479148218146
0.002,0.16429313480431165
0.003,0.2853487631465779
0.004,0.40635486620096983
0.005,0.5272919608788523
0.006,0.6481405840125282
0.007,0.7688812973841259
0.008,0.8894946927462848
0.009000000000000001,1.0099613968330805
0.01,1.1302620763596385
0.011,1.2503774430088814
0.012,1.370288258403864
0.013000000000000001,1.4899753390641568
0.014,1.6094195613447395
0.015,1.7286018663558749
0.016,1.8475032648624405
0.017,1.9661048421611969
0.018000000000000002,2.0843877629344894
0.019,2.2023332760788774
0.02,2.3199227195072005
0.021,2.437137524922591
0.022,2.5539592225629724
0.023,2.670369445914563
0.024,2.78634993639294
0.025,2.901882547990216
0.026000000000000002,3.016949251886907
0.027,3.1315321410270474
0.028,3.2456134346551786
0.029,3.359175482813783
0.03,3.4722007707998
0.031,3.5846719235788616
0.032,3.6965717101558715
0.033,3.8078830479006105
0.034,3.9185890068270335
0.035,4.028672813824954
0.036000000000000004,4.138117856842817
0.037,4.2469076890202935
0.038,4.355026032769431
0.039,4.462456783803118
0.04,4.569184015109646
0.041,4.675191980872142
0.042,4.780465120331721
0.043000000000000003,4.884988061593141
0.044,4.98874562537186
0.045,5.091722828681322
0.046,5.193904888459388
0.047,5.295277225132816
0.048,5.395825466118728
0.049,5.49553544926198
0.05,5.594393226207471
0.051000000000000004,5.692385065706321
0.052000000000000005,5.78949745685499
0.053,5.8857171122663265
0.054,5.981030971171652
0.055,6.0754262024529435
0.056,6.168890207604224
0.057,6.261410623621295
0.058,6.352975325818969
0.059000000000000004,6.443572430574997
0.06,6.533190297999834
0.061,6.6218175345315835
0.062,6.709442995455243
0.063,6.796055787345634
0.064,6.8816452704332765
0.065,6.966201060892541
0.066,7.0497130330514235
0.067,7.132171321522365
0.068,7.213566323253482
0.069,7.293888699499654
0.07,7.373129377712949
0.07100000000000001,7.451279553351851
0.07200000000000001,7.5283306916088115
0.073,7.604274529055676
0.074,7.679103075206539
0.075,7.752808613997652
0.076,7.8253837051839525
0.077,7.896821185651948
0.078,7.967114170648555
0.079,8.036256054925651
0.08,8.104240513800056
0.081,8.17106150412868
0.082,8.236713265198722
0.083,8.301190319532598
0.084,8.36448747360756
0.085,8.426599818489844
0.08600000000000001,8.487522730383217
0.08700000000000001,8.54725187109193
0.088,8.605783188397936
0.089,8.663112916352473
0.09,8.719237575481936
0.091,8.774153972908113
0.092,8.82785920238289
0.093,8.880350644237474
0.094,8.931625965246306
0.095,8.981683118405762
0.096,9.030520342627913
0.097,9.078136162349464
0.098,9.124529387056194
0.099,9.169699110723085
0.1,9.213644711170499
0.101,9.256365849336714
0.10200000000000001,9.297862468467113
0.10300000000000001,9.338134793220483
0.10400000000000001,9.377183328692784
0.105,9.415008859358803
0.106,9.4516124479322
0.107,9.486995434144387
0.108,9.521159433442755
0.109,9.554106335608815
0.11,9.585838303296791
0.111,9.616357770493227
0.112,9.645667440898297
0.113,9.673770286229363
0.114,9.700669544447544
0.115,9.726368717907864
0.116,9.750871571433825
0.117,9.774182130317042
0.11800000000000001,9.796304678242734
0.11900000000000001,9.817243755141877
0.12,9.83700415497079
0.121,9.855590923419008
0.122,9.873009355546298
0.123,9.889264993349695
0.124,9.904363623261412
0.125,9.918311273578643
0.126,9.931114211826095
0.127,9.942778942052282
0.128,9.953312202060538
0.129,9.962720960575762
0.13,9.971012414347914
0.131,9.978193985193341
0.132,9.984273316974905
0.133,9.989258272522136
0.134,9.99315693049239
0.135,9.995977582174193
0.136,9.997728728233898
0.137,9.998419075406822
0.138,9.998057533133984
0.139,9.996653210145745
0.14,9.994215410993412
0.14100000000000001,9.990753632530149
0.14200000000000002,9.986277560342376
0.14300000000000002,9.980797065132913
0.14400000000000002,9.974322199057132
0.145,9.966863192013438
0.146,9.958430447889302
0.147,9.949034540764243
0.148,9.938686211070982
0.149,9.927396361716186
0.15,9.915176054162092
0.151,9.90203650447041
0.152,9.887989079309797
0.153,9.873045291928403
0.154,9.857216798092738
0.155,9.840515391994343
0.156,9.82295300212568
0.157,9.80454168712657
0.158,9.785293631602684
0.159,9.765221141917497
0.16,9.744336641959098
0.161,9.722652668883349
0.162,9.700181868834838
0.163,9.67693699264703
0.164,9.652930891523138
0.165,9.628176512699131
0.166,9.602686895090383
0.167,9.576475164923396
0.168,9.549554531354094
0.169,9.52193828207416
0.17,9.493639778906907
0.171,9.464672453394105
0.17200000000000001,9.435049802375334
0.17300000000000001,9.404785383561268
0.17400000000000002,9.37389281110242
0.17500000000000002,9.342385751154742
0.176,9.310277917443718
0.177,9.277583066828262
0.178,9.244314994865961
0.179,9.210487531381178
0.18,9.176114536037401
0.181,9.141209893915367
0.182,9.10578751109839
0.183,9.06986131026635
0.184,9.033445226299825
0.185,8.996553201895738
0.186,8.959199183196057
0.187,8.921397115430887
0.188,8.883160938577458
0.189,8.844504583036347
0.19,8.805441965326422
0.191,8.765986983799834
0.192,8.726153514378511
0.193,8.685955406313507
0.194,8.64540647796855
0.195,8.60452051262922
0.196,8.563311254339038
0.197,8.521792403763836
0.198,8.479977614085744
0.199,8.437880486928083
0.2,8.395514568312496
0.201,8.35289334464953
0.202,8.310030238764114
0.203,8.26693860595695
0.20400000000000001,8.223631730103293
0.20500000000000002,8.180122819790194
0.20600000000000002,8.136425004493525
0.20700000000000002,8.09255133079589
0.20800000000000002,8.048514758646705
0.209,8.00432815766554
0.21,7.96000430348991
0.211,7.915555874168625
0.212,7.870995446601851
0.213,7.826335493028948
0.214,7.78158837756515
0.215,7.736766352788207
0.216,7.6918815563759715
0.217,7.646946007795968
0.218,7.601971605047982
0.219,7.556970121460589
0.22,7.511953202542623
0.221,7.466932362890536
0.222,7.421918983152547
0.223,7.376924307050459
0.224,7.331959438460083
0.225,7.287035338551044
0.226,7.242162822986883
0.227,7.197352559186196
0.228,7.1526150636456425
0.229,7.107960699325556
0.23,7.063399673098932
0.231,7.018942033264474
0.232,6.974597667124424
0.233,6.930376298627828
0.234,6.88628748607988
0.23500000000000001,6.842340619917987
0.23600000000000002,6.79854492055513
0.23700000000000002,6.7549094362911
0.23800000000000002,6.711443041292181
0.23900000000000002,6.668154433639737
0.24,6.625052133448297
0.241,6.582144481053512
0.242,6.539439635270505
0.243,6.496945571723003
0.244,6.454670081243624
0.245,6.412620768345744
0.246,6.370805049767252
0.247,6.329230153086506
0.248,6.287903115410799
0.249,6.246830782137595
0.25,6.206019805788769
0.251,6.165476644918081
0.252,6.125207563092035
0.253,6.085218627944332
0.254,6.045515710304002
0.255,6.006104483397376
0.256,5.966990422123917
0.257,5.928178802406019
0.258,5.889674700612772
0.259,5.851482993057713
0.26,5.813608355570523
0.261,5.7760552631426245
0.262,5.738827989646617
0.263,5.701930607629421
0.264,5.665366988179037
0.265,5.629140800864711
0.266,5.593255513750405
0.267,5.55771439348127
0.268,5.522520505442985
0.269,5.487676713993624
0.27,5.453185682767806
0.271,5.419049875052856
0.272,5.385271554236514
0.273,5.351852784326024
0.274,5.318795430538033
0.275,5.286101159959021
0.276,5.253771442275751
0.277,5.221807550575338
0.278,5.190210562214404
0.279,5.158981359756853
0.28,5.12812063197971
0.281,5.0976288749464915
0.28200000000000003,5.067506393147506
0.28300000000000003,5.037753300706513
0.28400000000000003,5.008369522653096
0.28500000000000003,4.979354796260117
0.28600000000000003,4.9507086724455664
0.28700000000000003,4.9224305172381575
0.28800000000000003,4.894519513305904
0.289,4.86697466154699
0.29,4.839794782742142
0.291,4.812978519267775
0.292,4.786524336869057
0.293,4.7604305264921285
0.294,4.734695206174618
0.295,4.709316322993585
0.296,4.684291655070049
0.297,4.659618813629174
0.298,4.635295245115227
0.299,4.611318233360357
0.3,4.5876849018062655
0.301,4.564392215777763
0.302,4.541436984807292
0.303,4.518815865009355
0.304,4.496525361503855
0.305,4.474561830887333
0.306,4.452921483751008
0.307,4.431600387244608
0.308,4.41059446768487
0.309,4.389899513207653
0.31,4.369511176462511
0.311,4.3494249773486535
0.312,4.3296363057911265
0.313,4.310140424556081
0.314,4.290932472103959
0.315,4.272007465479442
0.316,4.253360303236957
0.317,4.234985768400582
0.318,4.216878531457089
0.319,4.199033153380976
0.32,4.1814440886902124
0.321,4.164105688531496
0.322,4.1470122037937625
0.323,4.130157788248693
0.324,4.113536501716996
0.325,4.097142313259137
0.326,4.08096910438932
0.327,4.06501067231136
0.328,4.049260733175232
0.329,4.0337129253529564
0.33,4.018360812732568
0.331,4.003197888028826
0.332,3.988217576109387
0.333,3.9734132373351336
0.334,3.958778170913338
0.335,3.9443056182623577
0.336,3.9299887663865354
0.337,3.9158207512599934
0.338,3.901794661218014
0.339,3.887903540354676
0.34,3.8741403919254225
0.341,3.860498181753258
0.342,3.846969841637246
0.343,3.8335482727620014
0.34400000000000003,3.8202263491068473
0.34500000000000003,3.806996920853345
0.34600000000000003,3.7938528177898556
0.34700000000000003,3.780786852711869
0.34800000000000003,3.767791824816773
0.34900000000000003,3.754860523091753
0.35000000000000003,3.7419857296935577
0.35100000000000003,3.7291602233188232
0.352,3.716376782563677
0.353,3.7036281892713436
0.354,3.690907231866494
0.355,3.678206708675051
0.356,3.665519431228206
0.357,3.6528382275494238
0.358,3.6401559454231553
0.359,3.6274654556440495
0.36,3.614759655245437
0.361,3.6020314707058843
0.362,3.5892738611326083
0.363,3.576479821420542
0.364,3.563642385385923
0.365,3.5507546288731646
0.366,3.5378096728339194
0.367,3.524800686377155
0.368,3.511720889789113
0.369,3.4985635575220297
0.37,3.48532202115054
0.371,3.471989672294644
0.372,3.4585599655081545
0.373,3.445026421131605
0.374,3.4313826281085182
0.375,3.417622246764038
0.376,3.4037390115449044
0.377,3.3897267337197583
0.378,3.3755793040387876
0.379,3.3612906953517925
0.38,3.3468549651836597
0.381,3.3322662582663525
0.382,3.317518809026497
0.383,3.3026069440276555
0.384,3.287525084366427
0.385,3.2722677480215063
0.386,3.256829552154858
0.387,3.2412052153642037
0.388,3.2253895598859987
0.389,3.2093775137481435
0.39,3.1931641128716386
0.391,3.176744503120486
0.392,3.160113942299072
0.393,3.1432678020963656
0.394,3.1262015699762595
0.395,3.1089108510133685
0.396,3.0913913696736794
0.397,3.0736389715394346
0.398,3.055649624977665
0.399,3.0374194227517908
0.4,3.0189445835757613
0.401,3.0002214536102128
0.402,2.9812465079001376
0.403,2.962016351753599
0.404,2.942527722061035
0.405,2.9227774885547175
0.406,2.9027626550079813
0.40700000000000003,2.882480360373823
0.40800000000000003,2.861927879862532
0.40900000000000003,2.841102625957979
0.41000000000000003,2.8200021493723315
0.41100000000000003,2.7986241399388194
0.41200000000000003,2.7769664274423613
0.41300000000000003,2.7550269823877804
0.41400000000000003,2.7328039167054126
0.41500000000000004,2.7102954843939027
0.41600000000000004,2.6875000821000583
0.417,2.6644162496355834
0.418,2.6410426704306076
0.419,2.617378171923919
0.42,2.5934217258898147
0.421,2.5691724487015657
0.422,2.544629601531443
0.423,2.519792590487346
0.424,2.4946609666860504
0.425,2.469234426263139
0.426,2.443512810319702
0.427,2.417496104805913
0.428,2.3911844403416107
0.429,2.3645780919740513
0.43,2.337677478872999
0.431,2.310483163963388
0.432,2.282995853495741
0.433,2.2552163965546494
0.434,2.2271457845055553
0.435,2.1987851503801483
0.436,2.170135768200718
0.437,2.1411990522437825
0.438,2.1119765562433943
0.439,2.0824699725344855
0.44,2.052681131136725
0.441,2.022611998779256
0.442,1.9922646778668576
0.443,1.961641405387946
0.444,1.9307445517649726
0.445,1.8995766196477426
0.446,1.8681402426501839
0.447,1.8364381840311745
0.448,1.8044733353199882
0.449,1.7722487148870323
0.45,1.7397674664604454
0.451,1.7070328575892826
0.452,1.67404827805392
0.453,1.6408172382244015
0.454,1.6073433673674589
0.455,1.573630411902913
0.456,1.539682233610253
0.457,1.5055028077861452
0.458,1.4710962213536785
0.459,1.4364666709241756
0.46,1.4016184608123883
0.461,1.3665560010059346
0.462,1.331283805089838
0.463,1.2958064881270916
0.464,1.2601287644961048
0.465,1.2242554456859827
0.466,1.1881914380505725
0.467,1.1519417405222117
0.468,1.1155114422861765
0.46900000000000003,1.0789057204167916
0.47000000000000003,1.042129837476202
0.47100000000000003,1.0051891390768148
0.47200000000000003,0.9680890514084678
0.47300000000000003,0.9308350787313225
0.47400000000000003,0.893432800835561
0.47500000000000003,0.8558878704689481
0.47600000000000003,0.8182060107333229
0.47700000000000004,0.780393012451138
0.47800000000000004,0.7424547315031281
0.47900000000000004,0.7043970861382152
0.48,0.6662260542567823
0.481,0.6279476706684575
0.482,0.58956802432555
0.483,0.5510932555332662
0.484,0.5125295531378968
0.485,0.47388315169413686
0.486,0.4351603286126986
0.487,0.3963674012894506
0.488,0.35751072421719843
0.489,0.3185966860814035
0.49,0.27963170684094363
0.491,0.24062223479522263
0.492,0.20157474363876993
0.493,0.16249572950459618
0.494,0.12339170799751928
0.495,0.0842692112186737
0.496,0.04513478478248554
0.497,0.005994984827269751
0.498,-0.03314362497921208
0.499,-0.07227447643809756
0.5,-0.11139099982033115
0.501,-0.15048662686896894
0.502,-0.1895547938015899
0.503,-0.22858894431158255
0.504,-0.26758253256707865
0.505,-0.30652902620624245
0.506,-0.3454219093277531
0.507,-0.3842546854751416
0.508,-0.4230208806138475
0.509,-0.46171404609966216
0.51,-0.5003277616374051
0.511,-0.5388556382285572
0.512,-0.5772913211066437
0.513,-0.6156284926591545
0.514,-0.6538608753347496
0.515,-0.6919822345346094
0.516,-0.729986381486637
0.517,-0.7678671761014098
0.518,-0.8056185298086015
0.519,-0.8432344083727626
0.52,-0.8807088346872429
0.521,-0.9180358915450983
0.522,-0.9552097243858425
0.523,-0.99222454401685
0.524,-1.0290746293083224
0.525,-1.0657543298606655
0.526,-1.1022580686431418
0.527,-1.138580344602707
0.528,-1.1747157352419484
0.529,-1.2106588991650067
0.53,-1.2464045785904294
0.531,-1.2819476018298963
0.532,-1.3172828857317418
0.533,-1.352405438088282
0.534,-1.3873103600058954
0.535,-1.421992848236855
0.536,-1.4564481974719157
0.537,-1.4906718025927066
0.538,-1.5246591608829243
0.539,-1.558405874197415
0.54,-1.5919076510881993
0.541,-1.6251603088865154
0.542,-1.658159775740006
0.543,-1.6909020926041634
0.544,-1.723383415187143
0.545,-1.755600015847132
0.546,-1.7875482854414342
0.547,-1.8192247351264559
0.548,-1.8506259981078068
0.549,-1.881748831339757
0.55,-1.9125901171732593
0.551,-1.9431468649518533
0.552,-1.9734162125547103
0.553,-2.0033954278861295
0.554,-2.033081910310803
0.555,-2.0624731920342283
0.556,-2.091566939427614
0.557,-2.1203609542966646
0.558,-2.14885317509368
0.559,-2.177041678072375
0.56,-2.204924678384896
0.561,-2.2325005311205097
0.562,-2.2597677322854497
0.5630000000000001,-2.28672491972345
0.5640000000000001,-2.3133708739765217
0.5650000000000001,-2.33970451908553
0.5660000000000001,-2.365724923330158
0.5670000000000001,-2.391431299907884
0.5680000000000001,-2.416823007551599
0.5690000000000001,-2.44189955108553
0.5700000000000001,-2.4666605819191605
0.5710000000000001,-2.4911058984788466
0.5720000000000001,-2.515235446576853
0.5730000000000001,-2.5390493197175963
0.5740000000000001,-2.562547759340849
0.5750000000000001,-2.5857311550017137
0.5760000000000001,-2.6086000444872055
0.577,-2.631155113869288
0.578,-2.6533971974942587
0.579,-2.6753272779083415
0.58,-2.696946485719475
0.581,-2.7182560993952105
0.582,-2.739257544996694
0.583,-2.7599523958487584
0.584,-2.7803423721461273
0.585,-2.8004293404958007
0.586,-2.8202153133956793
0.587,-2.839702448649547
0.588,-2.8588930487185276
0.589,-2.8777895600091608
0.59,-2.896394572098278
0.591,-2.914710816894882
0.592,-2.9327411677392408
0.593,-2.950488638439456
0.594,-2.9679563822457706
0.595,-2.985147690762919
0.596,-3.0020659928008273
0.597,-3.0187148531640378
0.598,-3.0350979713801864
0.599,-3.0512191803679567
0.6,-3.0670824450449286
0.601,-3.0826918608757286
0.602,-3.09805165236099
0.603,-3.1131661714675745
0.604,-3.1280398960005895
0.605,-3.1426774279177137
0.606,-3.1570834915864134
0.607,-3.1712629319846037
0.608,-3.18522071284536
0.609,-3.1989619147463246
0.61,-3.2124917331444274
0.611,-3.225815476356597
0.612,-3.2389385634871566
0.613,-3.2518665223026195
0.614,-3.264604987054586
0.615,-3.277159696251532
0.616,-3.289536490380245
0.617,-3.301741309577682
0.618,-3.313780191254105
0.619,-3.3256592676682817
0.62,-3.337384763455633
0.621,-3.3489629931101876
0.622,-3.36040035842124
0.623,-3.371703345865596
0.624,-3.3828785239563848
0.625,-3.393932540549323
0.626,-3.4048721201074232
0.627,-3.4157040609251386
0.628,-3.426435232312905
0.629,-3.4370725717431205
0.63,-3.447623081958582
0.631,-3.4580938280444258
0.632,-3.4684919344646192
0.633,-3.478824582064115
0.634,-3.4890990050376987
0.635,-3.49932248786669
0.636,-3.509502362224592
0.637,-3.5196460038528055
0.638,-3.529760829407582
0.639,-3.539854293279348
0.64,-3.549933884385583
0.641,-3.5600071229384196
0.642,-3.570081557188192
0.643,-3.5801647601440694
0.644,-3.590264326273073
0.645,-3.600387868178619
0.646,-3.6105430132598846
0.647,-3.6207374003532
0.648,-3.6309786763567304
0.649,-3.6412744928397256
0.65,-3.6516325026375562
0.651,-3.662060356433881
0.652,-3.6725656993311513
0.653,-3.683156167410809
0.654,-3.693839384284427
0.655,-3.7046229576370973
0.656,-3.7155144757644045
0.657,-3.7265215041042494
0.658,-3.7376515817648697
0.659,-3.748912218050343
0.66,-3.7603108889849493
0.661,-3.771855033837629
0.662,-3.7835520516479533
0.663,-3.795409297754862
0.664,-3.8074340803295414
0.665,-3.8196336569137443
0.666,-3.8320152309649003
0.667,-3.844585948409332
0.668,-3.8573528942048996
0.669,-3.870323088914444
0.67,-3.8835034852912633
0.671,-3.8969009648780584
0.672,-3.910522334620579
0.673,-3.9243743234973194
0.674,-3.9384635791665916
0.675,-3.9527966646322596
0.676,-3.9673800549294476
0.677,-3.982220133831524
0.678,-3.9973231905796736
0.679,-4.012695416636293
0.68,-4.028342902463555
0.681,-4.044271634328362
0.682,-4.060487491134998
0.683,-4.076996241286702
0.684,-4.093803539577436
0.685,-4.110914924115089
0.686,-4.128335813277319
0.687,-4.146071502701321
0.6880000000000001,-4.164127162308638
0.6890000000000001,-4.182507833366327
0.6900000000000001,-4.201218425585552
0.6910000000000001,-4.22026371425889
0.6920000000000001,-4.239648337437454
0.6930000000000001,-4.259376793148989
0.6940000000000001,-4.279453436658123
0.6950000000000001,-4.2998824777698355
0.6960000000000001,-4.320667978177352
0.6970000000000001,-4.341813848855431
0.6980000000000001,-4.363323847500291
0.6990000000000001,-4.385201576017091
0.7000000000000001,-4.407450478056133
0.7010000000000001,-4.430073836598767
0.7020000000000001,-4.453074771594029
0.7030000000000001,-4.476456237647064
0.704,-4.500221021760212
0.705,-4.524371741127928
0.706,-4.548910840986197
0.707,-4.573840592517707
0.708,-4.599163090813427
0.709,-4.624880252891671
0.71,-4.650993815775415
0.711,-4.6775053346287825
0.712,-4.704416180953528
0.713,-4.731727540846339
0.714,-4.759440413317742
0.715,-4.7875556086734
0.716,-4.816073746958601
0.717,-4.844995256466563
0.718,-4.874320372311422
0.719,-4.904049135066453
0.72,-4.934181389468303
0.721,-4.964716783187793
0.722,-4.995654765668025
0.723,-5.02699458703024
0.724,-5.058735297048207
0.725,-5.090875744191495
0.726,-5.123414574738296
0.727,-5.156350231958282
0.728,-5.189680955365917
0.729,-5.223404780044774
0.73,-5.257519536043208
0.731,-5.292022847841881
0.732,-5.32691213389342
0.733,-5.362184606234685
0.734,-5.397837270171887
0.735,-5.433866924038893
0.736,-5.470270159029063
0.737,-5.507043359100753
0.738,-5.544182700956864
0.739,-5.5816841540984985
0.74,-5.619543480953043
0.741,-5.657756237076695
0.742,-5.6963177714316995
0.743,-5.73522322673829
0.744,-5.774467539901434
0.745,-5.814045442512522
0.746,-5.853951461425847
0.747,-5.894179919410078
0.748,-5.934724935874503
0.749,-5.975580427670158
0.75,-6.016740109965589
0.751,-6.058197497197328
0.752,-6.099945904094756
0.753,-6.141978446779321
0.754,-6.184288043937895
0.755,-6.226867418069983
0.756,-6.269709096808693
0.757,-6.312805414314999
0.758,-6.356148512745209
0.759,-6.399730343791128
0.76,-6.443542670292754
0.761,-6.487577067922951
0.762,-6.531824926943833
0.763,-6.576277454034427
0.764,-6.620925674189023
0.765,-6.665760432685977
0.766,-6.710772397126203
0.767,-6.755952059541056
0.768,-6.801289738568872
0.769,-6.846775581699732
0.77,-6.892399567587766
0.771,-6.938151508430344
0.772,-6.984021052413646
0.773,-7.029997686223738
0.774,-7.076070737622652
0.775,-7.122229378088568
0.776,-7.168462625519519
0.777,-7.214759346999679
0.778,-7.2611082616276335
0.779,-7.30749794340563
0.78,-7.3539168241890795
0.781,-7.400353196695458
0.782,-7.446795217571637
0.783,-7.493230910518845
0.784,-7.539648169474233
0.785,-7.586034761848217
0.786,-7.632378331816465
0.787,-7.678666403665748
0.788,-7.724886385192413
0.789,-7.771025571152689
0.79,-7.817071146763589
0.791,-7.863010191253399
0.792,-7.90882968146077
0.793,-7.954516495481103
0.794,-8.000057416359338
0.795,-8.045439135827777
0.796,-8.090648258088002
0.797,-8.135671303635535
0.798,-8.180494713126143
0.799,-8.225104851282584
0.8,-8.269488010840472
0.801,-8.313630416532234
0.802,-8.357518229107573
0.803,-8.401137549389555
0.804,-8.444474422364705
0.805,-8.487514841306055
0.806,-8.530244751927619
0.807,-8.572650056569234
0.808,-8.614716618410164
0.809,-8.656430265710274
0.81,-8.697776796077456
0.811,-8.738741980759727
0.812,-8.779311568960921
0.8130000000000001,-8.819471292178264
0.8140000000000001,-8.859206868560719
0.8150000000000001,-8.898504007286451
0.8160000000000001,-8.937348412958222
0.8170000000000001,-8.975725790015067
0.8180000000000001,-9.013621847158975
0.8190000000000001,-9.051022301795104
0.8200000000000001,-9.087912884484004
0.8210000000000001,-9.124279343404503
0.8220000000000001,-9.160107448825721
0.8230000000000001,-9.195382997586774
0.8240000000000001,-9.230091817582686
0.8250000000000001,-9.264219772255071
0.8260000000000001,-9.297752765086068
0.8270000000000001,-9.330676744094017
0.8280000000000001,-9.362977706329529
0.8290000000000001,-9.394641702370269
0.8300000000000001,-9.42565484081315
0.8310000000000001,-9.456003292762299
0.8320000000000001,-9.485673296311418
0.833,-9.51465116101897
0.834,-9.54292327237477
0.835,-9.570476096256394
0.836,-9.597296183374075
0.837,-9.62337017370237
0.838,-9.648684800897417
0.839,-9.67322689669799
0.84,-9.69698339530908
0.841,-9.719941337766489
0.842,-9.742087876280891
0.843,-9.763410278560018
0.844,-9.783895932107379
0.845,-9.80353234849619
0.846,-9.822307167616934
0.847,-9.840208161897294
0.848,-9.857223240492782
0.849,-9.873340453446877
0.85,-9.888547995819124
0.851,-9.902834211779808
0.852,-9.916187598669794
0.853,-9.928596811024248
0.854,-9.94005066455869
0.855,-9.950538140116139
0.856,-9.960048387573991
0.857,-9.968570729709208
0.858,-9.976094666020552
0.859,-9.982609876506537
0.86,-9.988106225397802
0.861,-9.992573764842515
0.862,-9.996002738543744
0.863,-9.998383585347286
0.864,-9.999706942778877
0.865,-9.999963650529493
0.866,-9.9991447538875
0.867,-9.997241507116515
0.868,-9.994245376777737
0.869,-9.990148044995628
0.87,-9.984941412665696
0.871,-9.97861760260346
0.872,-9.971168962633213
0.873,-9.962588068615704
0.874,-9.952867727413546
0.875,-9.94200097979336
0.876,-9.929981103263579
0.877,-9.916801614846896
0.878,-9.902456273786424
0.879,-9.88693908418443
0.88,-9.870244297572992
0.881,-9.852366415415267
0.882,-9.833300191536782
0.883,-9.813040634485676
0.884,-9.79158300982112
0.885,-9.768922842329012
0.886,-9.745055918164164
0.887,-9.71997828691822
0.888,-9.693686263612397
0.889,-9.66617643061454
0.89,-9.637445639479466
0.891,-9.607491012712217
0.892,-9.576309945453259
0.893,-9.54390010708521
0.894,-9.510259442760324
0.895,-9.475386174848184
0.896,-9.439278804303099
0.897,-9.401936111950477
0.898,-9.363357159691917
0.899,-9.32354129162825
0.9,-9.282488135100301
0.901,-9.240197601646738
0.902,-9.196669887878784
0.903,-9.151905476271198
0.904,-9.105905135869344
0.905,-9.058669922911964
0.906,-9.010201181369252
0.907,-8.960500543396142
0.908,-8.909569929700343
0.909,-8.857411549825136
0.91,-8.80402790234648
0.911,-8.749421774984542
0.912,-8.693596244629244
0.913,-8.636554677279948
0.914,-8.578300727899013
0.915,-8.518838340179288
0.916,-8.458171746225545
0.917,-8.396305466149645
0.918,-8.3332443075798
0.919,-8.268993365083633
0.92,-8.203558019505458
0.921,-8.136943937217607
0.922,-8.069157069286195
0.923,-8.0002036505513
0.924,-7.930090198621872
0.925,-7.858823512785619
0.926,-7.786410672833972
0.927,-7.712859037802653
0.928,-7.638176244627895
0.929,-7.562370206718937
0.93,-7.4854491124468385
0.931,-7.407421423550391
0.932,-7.328295873459133
0.933,-7.248081465534296
0.934,-7.166787471227946
0.935,-7.084423428160795
0.936,-7.000999138119457
0.937,-6.9165246649733465
0.9380000000000001,-6.831010332512212
0.9390000000000001,-6.7444667222045
0.9400000000000001,-6.656904670877596
0.9410000000000001,-6.568335268320201
0.9420000000000001,-6.478769854807913
0.9430000000000001,-6.388220018552464
0.9440000000000001,-6.296697593075395
0.9450000000000001,-6.204214654507128
0.9460000000000001,-6.110783518811866
0.9470000000000001,-6.016416738939578
0.9480000000000001,-5.921127101905434
0.9490000000000001,-5.8249276257980265
0.9500000000000001,-5.727831556716806
0.9510000000000001,-5.629852365640044
0.9520000000000001,-5.531003745224005
0.9530000000000001,-5.431299606534285
0.9540000000000001,-5.3307540757105345
0.9550000000000001,-5.229381490565172
0.9560000000000001,-5.127196397117578
0.9570000000000001,-5.024213546064317
0.9580000000000001,-4.920447889186954
0.9590000000000001,-4.815914575698044
0.96,-4.710628948526894
0.961,-4.604606540545776
0.962,-4.497863070738168
0.963,-4.390414440309714
0.964,-4.28227672874352
0.965,-4.1734661898008
0.966,-4.063999247467944
0.967,-3.9538924918516245
0.968,-3.8431626750227372
0.969,-3.7318267068109376
0.97,-3.6199016505505215
0.971,-3.507404718779563
0.972,-3.3943532688929903
0.973,-3.280764798751548
0.974,-3.1666569422474495
0.975,-3.0520474648284996
0.976,-2.9369542589819164
0.977,-2.821395339679051
0.978,-2.7053888397828647
0.979,-2.5889530054189986
0.98,-2.4721061913125095
0.981,-2.3548668560910464
0.982,-2.2372535575565573
0.983,-2.119284947926419
0.984,-2.0009797690458937
0.985,-1.882356847573238
0.986,-1.7634350901387643
0.987,-1.6442334784798076
0.988,-1.5247710645525148
0.989,-1.405066965622645
0.99,-1.2851403593361919
0.991,-1.165010478772041
0.992,-1.044696607477586
0.993,-0.9242180744893126
0.994,-0.8035942493397129
0.995,-0.6828445370518932
0.996,-0.5619883731238974
0.997,-0.44104521850369693
0.998,-0.3200345545570864
0.999,-0.1989758780293363
1.0,-0.07788869600285248
